external_id,name_en,name_es,primary_fine,secondary_count,flags,override
"3_4_Sit-Up","3/4 Sit-Up","Abdominal 3/4","abs_upper",0,"ambiguous_default",""
"Ab_Crunch_Machine","Ab Crunch Machine","Crunch abdominal en máquina","abs_upper",0,"ambiguous_default",""
"Ab_Roller","Ab Roller","Rueda abdominal","abs_upper",1,"ambiguous_default",""
"Advanced_Kettlebell_Windmill","Advanced Kettlebell Windmill","Molino con kettlebell avanzado","abs_upper",3,"ambiguous_default","obliques"
"Air_Bike","Air Bike","Bicicleta en el aire","abs_upper",0,"ambiguous_default","obliques"
"Alternate_Heel_Touchers","Alternate Heel Touchers","Toques de talón alternados","abs_upper",0,"ambiguous_default","obliques"
"Alternate_Leg_Diagonal_Bound","Alternate Leg Diagonal Bound","Salto diagonal a una pierna alternado","quads",5,"big_compound",""
"Alternating_Deltoid_Raise","Alternating Deltoid Raise","Elevación de deltoides alternada","delt_side",0,"ambiguous_default",""
"Alternating_Floor_Press","Alternating Floor Press","Press en el suelo alternado","pec_lower",3,"ambiguous_default",""
"Alternating_Hang_Clean","Alternating Hang Clean","Cargada colgante alternada","hamstrings",6,"big_compound","full_body"
"Alternating_Renegade_Row","Alternating Renegade Row","Remo renegado alternado","rhomboids",5,"big_compound",""
"Arm_Circles","Arm Circles","Círculos de brazos","delt_side",1,"ambiguous_default",""
"Around_The_Worlds","Around The Worlds","Círculos completos (Around the Worlds)","pec_lower",1,"ambiguous_default",""
"Atlas_Stone_Trainer","Atlas Stone Trainer","Entrenador de piedra Atlas","lower_back",5,"big_compound",""
"Atlas_Stones","Atlas Stones","Piedras de Atlas","lower_back",10,"big_compound",""
"Axle_Deadlift","Axle Deadlift","Peso muerto con barra axle","lower_back",6,"big_compound",""
"Back_Flyes_-_With_Bands","Back Flyes - With Bands","Aperturas posteriores con goma","delt_side",2,"ambiguous_default","delt_rear"
"Backward_Drag","Backward Drag","Arrastre hacia atrás","quads",5,"big_compound",""
"Backward_Medicine_Ball_Throw","Backward Medicine Ball Throw","Lanzamiento de balón medicinal hacia atrás","delt_side",0,"ambiguous_default","delt_front"
"Ball_Leg_Curl","Ball Leg Curl","Curl femoral con fitball","hamstrings",2,"curl_no_biceps",""
"Band_Pull_Apart","Band Pull Apart","Apertura con goma (Pull Apart)","delt_side",2,"ambiguous_default","delt_rear"
"Barbell_Ab_Rollout","Barbell Ab Rollout","Rollout abdominal con barra","abs_upper",2,"ambiguous_default",""
"Barbell_Ab_Rollout_-_On_Knees","Barbell Ab Rollout - On Knees","Rollout abdominal con barra - de rodillas","abs_upper",2,"ambiguous_default",""
"Barbell_Bench_Press_-_Medium_Grip","Barbell Bench Press - Medium Grip","Press de banca con barra - agarre medio","pec_lower",2,"ambiguous_default",""
"Barbell_Deadlift","Barbell Deadlift","Peso muerto con barra","lower_back",8,"big_compound",""
"Barbell_Full_Squat","Barbell Full Squat","Sentadilla completa con barra","quads",4,"big_compound",""
"Barbell_Guillotine_Bench_Press","Barbell Guillotine Bench Press","Press de banca guillotina con barra","pec_lower",2,"ambiguous_default",""
"Barbell_Incline_Shoulder_Raise","Barbell Incline Shoulder Raise","Elevación de hombros inclinada con barra","delt_side",1,"ambiguous_default","trap"
"Barbell_Rollout_from_Bench","Barbell Rollout from Bench","Rollout con barra desde el banco","abs_upper",4,"ambiguous_default|big_compound",""
"Barbell_Side_Bend","Barbell Side Bend","Inclinación lateral con barra","abs_upper",1,"ambiguous_default","obliques"
"Barbell_Squat","Barbell Squat","Sentadilla con barra","quads",4,"big_compound",""
"Barbell_Squat_To_A_Bench","Barbell Squat To A Bench","Sentadilla al banco con barra","quads",4,"big_compound",""
"Barbell_Step_Ups","Barbell Step Ups","Subidas al cajón con barra","quads",4,"big_compound",""
"Battling_Ropes","Battling Ropes","Cuerdas de batalla","delt_side",2,"ambiguous_default","delt_front"
"Behind_Head_Chest_Stretch","Behind Head Chest Stretch","Estiramiento de pecho tras la cabeza","pec_lower",1,"ambiguous_default",""
"Bench_Press_-_Powerlifting","Bench Press - Powerlifting","Press de banca - powerlifting","tri_lateral",4,"ambiguous_default|big_compound","pec_lower"
"Bench_Press_-_With_Bands","Bench Press - With Bands","Press de banca con gomas","pec_lower",2,"ambiguous_default",""
"Bench_Press_with_Chains","Bench Press with Chains","Press de banca con cadenas","tri_lateral",3,"ambiguous_default","pec_lower"
"Bent-Arm_Barbell_Pullover","Bent-Arm Barbell Pullover","Pullover con barra y brazos flexionados","lat",4,"big_compound",""
"Bent-Arm_Dumbbell_Pullover","Bent-Arm Dumbbell Pullover","Pullover con mancuerna y brazos flexionados","pec_lower",3,"ambiguous_default",""
"Bent-Knee_Hip_Raise","Bent-Knee Hip Raise","Elevación de cadera con rodillas flexionadas","abs_upper",0,"ambiguous_default","abs_lower"
"Bent_Over_One-Arm_Long_Bar_Row","Bent Over One-Arm Long Bar Row","Remo inclinado a una mano con barra larga","rhomboids",4,"big_compound",""
"Bent_Press","Bent Press","Bent press","abs_upper",6,"ambiguous_default|big_compound","obliques"
"Board_Press","Board Press","Press con tabla","tri_lateral",4,"ambiguous_default|big_compound","pec_lower"
"Body-Up","Body-Up","Body-up","tri_lateral",2,"ambiguous_default",""
"Body_Tricep_Press","Body Tricep Press","Press de tríceps con el propio cuerpo","tri_lateral",0,"ambiguous_default",""
"Bodyweight_Flyes","Bodyweight Flyes","Aperturas con el propio cuerpo","pec_lower",3,"ambiguous_default",""
"Bosu_Ball_Cable_Crunch_With_Side_Bends","Bosu Ball Cable Crunch With Side Bends","Crunch en polea sobre bosu con inclinaciones laterales","abs_upper",0,"ambiguous_default","abs_upper|obliques"
"Bottoms_Up","Bottoms Up","Bottoms up","abs_upper",0,"ambiguous_default","abs_lower"
"Box_Jump_Multiple_Response","Box Jump (Multiple Response)","Salto al cajón (respuesta múltiple)","hamstrings",5,"big_compound","quads|glutes"
"Box_Skip","Box Skip","Salto al cajón alternando piernas","hamstrings",5,"big_compound","quads|glutes"
"Box_Squat","Box Squat","Sentadilla al cajón","quads",5,"big_compound",""
"Box_Squat_with_Bands","Box Squat with Bands","Sentadilla al cajón con goma","quads",6,"big_compound",""
"Box_Squat_with_Chains","Box Squat with Chains","Sentadilla al cajón con cadenas","quads",6,"big_compound",""
"Butt-Ups","Butt-Ups","Elevación de cadera en plancha","abs_upper",0,"ambiguous_default",""
"Butterfly","Butterfly","Aperturas en máquina (peck deck)","pec_lower",0,"ambiguous_default",""
"Cable_Chest_Press","Cable Chest Press","Press de pecho en polea","pec_lower",2,"ambiguous_default",""
"Cable_Crossover","Cable Crossover","Cruce de poleas","pec_lower",1,"ambiguous_default",""
"Cable_Crunch","Cable Crunch","Crunch en polea","abs_upper",0,"ambiguous_default",""
"Cable_Deadlifts","Cable Deadlifts","Peso muerto en polea","quads",4,"big_compound",""
"Cable_Incline_Triceps_Extension","Cable Incline Triceps Extension","Extensión de tríceps inclinada en polea","tri_lateral",0,"ambiguous_default","tri_long"
"Cable_Internal_Rotation","Cable Internal Rotation","Rotación interna en polea","delt_side",0,"ambiguous_default","delt_front"
"Cable_Iron_Cross","Cable Iron Cross","Cruz de hierro en polea","pec_lower",0,"ambiguous_default",""
"Cable_Judo_Flip","Cable Judo Flip","Volteo de judo en polea","abs_upper",0,"ambiguous_default","obliques"
"Cable_One_Arm_Tricep_Extension","Cable One Arm Tricep Extension","Extensión de tríceps a una mano en polea","tri_lateral",0,"ambiguous_default",""
"Cable_Russian_Twists","Cable Russian Twists","Giros rusos en polea","abs_upper",0,"ambiguous_default","obliques"
"Cable_Seated_Crunch","Cable Seated Crunch","Crunch sentado en polea","abs_upper",0,"ambiguous_default",""
"Cable_Wrist_Curl","Cable Wrist Curl","Curl de muñeca en polea","forearms",0,"curl_no_biceps",""
"Car_Deadlift","Car Deadlift","Peso muerto de coche","quads",5,"big_compound","hamstrings|glutes|lower_back"
"Car_Drivers","Car Drivers","Giro de volante con disco","delt_side",1,"ambiguous_default","delt_front"
"Carioca_Quick_Step","Carioca Quick Step","Paso rápido carioca","adductors",6,"big_compound",""
"Chain_Handle_Extension","Chain Handle Extension","Extensión de tríceps con asa de cadena","tri_lateral",0,"ambiguous_default",""
"Chain_Press","Chain Press","Press con cadenas","pec_lower",2,"ambiguous_default",""
"Chair_Upper_Body_Stretch","Chair Upper Body Stretch","Estiramiento del tren superior en silla","delt_side",2,"ambiguous_default",""
"Chest_And_Front_Of_Shoulder_Stretch","Chest And Front Of Shoulder Stretch","Estiramiento de pecho y parte frontal del hombro","pec_lower",1,"ambiguous_default",""
"Chest_Push_from_3_point_stance","Chest Push from 3 point stance","Empuje de pecho desde posición de tres apoyos","pec_lower",3,"ambiguous_default",""
"Chest_Push_multiple_response","Chest Push (multiple response)","Empuje de pecho (respuesta múltiple)","pec_lower",3,"ambiguous_default",""
"Chest_Push_single_response","Chest Push (single response)","Empuje de pecho (respuesta única)","pec_lower",3,"ambiguous_default",""
"Chest_Push_with_Run_Release","Chest Push with Run Release","Empuje de pecho con salida en carrera","pec_lower",3,"ambiguous_default",""
"Chest_Stretch_on_Stability_Ball","Chest Stretch on Stability Ball","Estiramiento de pecho en fitball","pec_lower",0,"ambiguous_default",""
"Circus_Bell","Circus Bell","Campana de circo","delt_side",6,"ambiguous_default|big_compound","delt_front"
"Clean","Clean","Cargada","hamstrings",7,"big_compound","full_body"
"Clean_Deadlift","Clean Deadlift","Peso muerto de cargada","hamstrings",6,"big_compound",""
"Clean_Pull","Clean Pull","Tirón de cargada","quads",5,"big_compound","full_body"
"Clean_and_Jerk","Clean and Jerk","Cargada y envión","delt_side",7,"ambiguous_default|big_compound","full_body"
"Clean_and_Press","Clean and Press","Cargada y press","delt_front",10,"big_compound","full_body"
"Clean_from_Blocks","Clean from Blocks","Cargada desde bloques","quads",5,"big_compound","full_body"
"Clock_Push-Up","Clock Push-Up","Flexión del reloj","pec_lower",2,"ambiguous_default",""
"Close-Grip_Barbell_Bench_Press","Close-Grip Barbell Bench Press","Press de banca con barra agarre cerrado","tri_lateral",2,"ambiguous_default",""
"Close-Grip_Dumbbell_Press","Close-Grip Dumbbell Press","Press con mancuernas agarre cerrado","tri_lateral",2,"ambiguous_default",""
"Close-Grip_EZ-Bar_Press","Close-Grip EZ-Bar Press","Press con barra Z agarre cerrado","tri_lateral",2,"ambiguous_default",""
"Close-Grip_Push-Up_off_of_a_Dumbbell","Close-Grip Push-Up off of a Dumbbell","Flexión agarre cerrado sobre una mancuerna","tri_lateral",3,"ambiguous_default",""
"Cocoons","Cocoons","Cocoons","abs_upper",0,"ambiguous_default","abs_lower"
"Conans_Wheel","Conan's Wheel","Rueda de Conan","quads",7,"big_compound",""
"Cross-Body_Crunch","Cross-Body Crunch","Crunch cruzado","abs_upper",0,"ambiguous_default","obliques|abs_upper"
"Cross_Over_-_With_Bands","Cross Over - With Bands","Cruce con gomas","pec_lower",2,"ambiguous_default",""
"Crossover_Reverse_Lunge","Crossover Reverse Lunge","Zancada inversa cruzada","lower_back",5,"big_compound","quads|glutes"
"Crucifix","Crucifix","Crucifijo","delt_side",1,"ambiguous_default",""
"Crunch_-_Hands_Overhead","Crunch - Hands Overhead","Crunch con manos sobre la cabeza","abs_upper",0,"ambiguous_default",""
"Crunch_-_Legs_On_Exercise_Ball","Crunch - Legs On Exercise Ball","Crunch con piernas sobre fitball","abs_upper",0,"ambiguous_default",""
"Crunches","Crunches","Crunches","abs_upper",0,"ambiguous_default",""
"Dead_Bug","Dead Bug","Bicho muerto","abs_upper",0,"ambiguous_default",""
"Deadlift_with_Bands","Deadlift with Bands","Peso muerto con gomas","lower_back",6,"big_compound",""
"Deadlift_with_Chains","Deadlift with Chains","Peso muerto con cadenas","lower_back",6,"big_compound",""
"Decline_Crunch","Decline Crunch","Crunch declinado","abs_upper",0,"ambiguous_default",""
"Decline_Dumbbell_Triceps_Extension","Decline Dumbbell Triceps Extension","Extensión de tríceps declinada con mancuernas","tri_lateral",0,"ambiguous_default","tri_long"
"Decline_EZ_Bar_Triceps_Extension","Decline EZ Bar Triceps Extension","Extensión de tríceps declinada con barra Z","tri_lateral",0,"ambiguous_default","tri_long"
"Decline_Oblique_Crunch","Decline Oblique Crunch","Crunch oblicuo declinado","abs_upper",0,"ambiguous_default","obliques"
"Deficit_Deadlift","Deficit Deadlift","Peso muerto con déficit","lower_back",6,"big_compound",""
"Depth_Jump_Leap","Depth Jump Leap","Salto en profundidad","quads",5,"big_compound",""
"Dips_-_Chest_Version","Dips - Chest Version","Fondos para pecho","pec_lower",2,"ambiguous_default",""
"Double_Kettlebell_Alternating_Hang_Clean","Double Kettlebell Alternating Hang Clean","Cargada colgante alternada con doble kettlebell","hamstrings",7,"big_compound","full_body"
"Double_Kettlebell_Jerk","Double Kettlebell Jerk","Envión con doble kettlebell","delt_side",3,"ambiguous_default","delt_front"
"Double_Kettlebell_Snatch","Double Kettlebell Snatch","Arrancada con doble kettlebell","delt_side",3,"ambiguous_default","full_body"
"Double_Kettlebell_Windmill","Double Kettlebell Windmill","Molino con doble kettlebell","abs_upper",4,"ambiguous_default|big_compound","obliques"
"Double_Leg_Butt_Kick","Double Leg Butt Kick","Patada de talón a glúteo con ambas piernas","quads",5,"big_compound","hamstrings"
"Drop_Push","Drop Push","Flexión con caída","pec_lower",2,"ambiguous_default",""
"Dumbbell_Bench_Press","Dumbbell Bench Press","Press de banca con mancuernas","pec_lower",2,"ambiguous_default",""
"Dumbbell_Bench_Press_with_Neutral_Grip","Dumbbell Bench Press with Neutral Grip","Press de banca con mancuernas en agarre neutro","pec_lower",2,"ambiguous_default",""
"Dumbbell_Clean","Dumbbell Clean","Cargada con mancuernas","hamstrings",7,"big_compound","full_body"
"Dumbbell_Floor_Press","Dumbbell Floor Press","Press en el suelo con mancuernas","tri_lateral",2,"ambiguous_default",""
"Dumbbell_Flyes","Dumbbell Flyes","Aperturas con mancuernas","pec_lower",0,"ambiguous_default",""
"Dumbbell_Incline_Row","Dumbbell Incline Row","Remo inclinado con mancuernas","rhomboids",4,"big_compound",""
"Dumbbell_Incline_Shoulder_Raise","Dumbbell Incline Shoulder Raise","Elevación de hombros inclinada con mancuernas","delt_side",1,"ambiguous_default","delt_front"
"Dumbbell_One-Arm_Triceps_Extension","Dumbbell One-Arm Triceps Extension","Extensión de tríceps a una mano con mancuerna","tri_lateral",0,"ambiguous_default",""
"Dumbbell_One-Arm_Upright_Row","Dumbbell One-Arm Upright Row","Remo al mentón a una mano con mancuerna","delt_side",2,"ambiguous_default",""
"Dumbbell_Raise","Dumbbell Raise","Elevación con mancuernas","delt_side",1,"ambiguous_default",""
"Dumbbell_Scaption","Dumbbell Scaption","Elevación en plano escapular con mancuernas","delt_side",1,"ambiguous_default",""
"Dumbbell_Side_Bend","Dumbbell Side Bend","Flexión lateral con mancuerna","abs_upper",0,"ambiguous_default","obliques"
"Dumbbell_Squat","Dumbbell Squat","Sentadilla con mancuernas","quads",4,"big_compound",""
"Dumbbell_Squat_To_A_Bench","Dumbbell Squat To A Bench","Sentadilla al banco con mancuernas","quads",4,"big_compound",""
"Dumbbell_Tricep_Extension_-Pronated_Grip","Dumbbell Tricep Extension -Pronated Grip","Extensión de tríceps con mancuernas en agarre pronado","tri_lateral",0,"ambiguous_default",""
"Dynamic_Chest_Stretch","Dynamic Chest Stretch","Estiramiento dinámico de pecho","pec_lower",1,"ambiguous_default",""
"Elbow_Circles","Elbow Circles","Círculos de codos","delt_side",1,"ambiguous_default",""
"Elbow_to_Knee","Elbow to Knee","Codo a rodilla","abs_upper",0,"ambiguous_default","obliques"
"Elbows_Back","Elbows Back","Codos atrás","pec_lower",1,"ambiguous_default",""
"Exercise_Ball_Crunch","Exercise Ball Crunch","Crunch en fitball","abs_upper",0,"ambiguous_default",""
"Exercise_Ball_Pull-In","Exercise Ball Pull-In","Encogimiento de piernas en fitball","abs_upper",0,"ambiguous_default","abs_lower"
"Extended_Range_One-Arm_Kettlebell_Floor_Press","Extended Range One-Arm Kettlebell Floor Press","Press de suelo a una mano con kettlebell y rango extendido","pec_lower",2,"ambiguous_default",""
"External_Rotation","External Rotation","Rotación externa","delt_side",0,"ambiguous_default","delt_rear"
"External_Rotation_with_Band","External Rotation with Band","Rotación externa con goma","delt_side",0,"ambiguous_default","delt_rear"
"External_Rotation_with_Cable","External Rotation with Cable","Rotación externa en polea","delt_side",0,"ambiguous_default","delt_rear"
"Farmers_Walk","Farmer's Walk","Paseo del granjero","forearms",6,"big_compound",""
"Fast_Skipping","Fast Skipping","Skipping rápido","quads",5,"big_compound",""
"Finger_Curls","Finger Curls","Curl de dedos","forearms",0,"curl_no_biceps",""
"Flat_Bench_Cable_Flyes","Flat Bench Cable Flyes","Aperturas en polea en banco plano","pec_lower",0,"ambiguous_default",""
"Flat_Bench_Leg_Pull-In","Flat Bench Leg Pull-In","Encogimiento de piernas en banco plano","abs_upper",0,"ambiguous_default","abs_lower"
"Floor_Press","Floor Press","Press de suelo","tri_lateral",2,"ambiguous_default",""
"Floor_Press_with_Chains","Floor Press with Chains","Press de suelo con cadenas","tri_lateral",2,"ambiguous_default",""
"Forward_Drag_with_Press","Forward Drag with Press","Arrastre frontal con press","pec_lower",6,"ambiguous_default|big_compound",""
"Frankenstein_Squat","Frankenstein Squat","Sentadilla Frankenstein","quads",4,"big_compound",""
"Frog_Sit-Ups","Frog Sit-Ups","Abdominales de rana","abs_upper",0,"ambiguous_default",""
"Front_Box_Jump","Front Box Jump","Salto frontal al cajón","hamstrings",5,"big_compound","quads"
"Front_Cable_Raise","Front Cable Raise","Elevación frontal en polea","delt_side",0,"ambiguous_default","delt_front"
"Front_Cone_Hops_or_hurdle_hops","Front Cone Hops (or hurdle hops)","Saltos frontales sobre conos (o vallas)","quads",5,"big_compound",""
"Front_Dumbbell_Raise","Front Dumbbell Raise","Elevación frontal con mancuernas","delt_side",0,"ambiguous_default","delt_front"
"Front_Incline_Dumbbell_Raise","Front Incline Dumbbell Raise","Elevación frontal inclinada con mancuernas","delt_side",0,"ambiguous_default","delt_front"
"Front_Plate_Raise","Front Plate Raise","Elevación frontal con disco","delt_side",0,"ambiguous_default","delt_front"
"Front_Raise_And_Pullover","Front Raise And Pullover","Elevación frontal y pullover","pec_lower",3,"ambiguous_default",""
"Front_Two-Dumbbell_Raise","Front Two-Dumbbell Raise","Elevación frontal con dos mancuernas","delt_side",0,"ambiguous_default","delt_front"
"Goblet_Squat","Goblet Squat","Sentadilla goblet","quads",4,"big_compound",""
"Gorilla_Chin_Crunch","Gorilla Chin/Crunch","Dominada gorila con crunch","abs_upper",2,"ambiguous_default",""
"Handstand_Push-Ups","Handstand Push-Ups","Flexiones en pino","delt_side",1,"ambiguous_default","delt_front"
"Hang_Clean","Hang Clean","Cargada colgante","quads",7,"big_compound","full_body"
"Hang_Clean_-_Below_the_Knees","Hang Clean - Below the Knees","Cargada colgante por debajo de las rodillas","quads",7,"big_compound","full_body"
"Hang_Snatch","Hang Snatch","Arrancada colgante","hamstrings",8,"big_compound","full_body"
"Hang_Snatch_-_Below_Knees","Hang Snatch - Below Knees","Arrancada colgante por debajo de las rodillas","hamstrings",8,"big_compound","full_body"
"Heaving_Snatch_Balance","Heaving Snatch Balance","Snatch balance con impulso","quads",6,"big_compound",""
"Heavy_Bag_Thrust","Heavy Bag Thrust","Empuje de saco pesado","pec_lower",3,"ambiguous_default",""
"Hurdle_Hops","Hurdle Hops","Saltos de vallas","hamstrings",5,"big_compound","glutes|quads"
"Incline_Barbell_Triceps_Extension","Incline Barbell Triceps Extension","Extensión de tríceps inclinado con barra","tri_lateral",1,"ambiguous_default","tri_long"
"Incline_Push-Up_Close-Grip","Incline Push-Up Close-Grip","Flexión inclinada con agarre cerrado","tri_lateral",2,"ambiguous_default",""
"Internal_Rotation_with_Band","Internal Rotation with Band","Rotación interna con goma","delt_side",0,"ambiguous_default","delt_front"
"Iron_Cross","Iron Cross","Cruz de hierro","delt_side",6,"ambiguous_default|big_compound",""
"Isometric_Chest_Squeezes","Isometric Chest Squeezes","Contracciones isométricas de pecho","pec_lower",2,"ambiguous_default",""
"Isometric_Wipers","Isometric Wipers","Limpiaparabrisas isométricos","pec_lower",3,"ambiguous_default","obliques"
"JM_Press","JM Press","Press JM","tri_lateral",2,"ambiguous_default",""
"Jackknife_Sit-Up","Jackknife Sit-Up","Abdominal en navaja","abs_upper",0,"ambiguous_default",""
"Janda_Sit-Up","Janda Sit-Up","Abdominal Janda","abs_upper",0,"ambiguous_default",""
"Jefferson_Squats","Jefferson Squats","Sentadillas Jefferson","quads",5,"big_compound",""
"Jerk_Balance","Jerk Balance","Equilibrio de envión","delt_side",4,"ambiguous_default|big_compound","delt_front"
"Keg_Load","Keg Load","Carga de barril","lower_back",10,"big_compound",""
"Kettlebell_Dead_Clean","Kettlebell Dead Clean","Cargada muerta con kettlebell","hamstrings",5,"big_compound",""
"Kettlebell_Figure_8","Kettlebell Figure 8","Ocho con kettlebell","abs_upper",2,"ambiguous_default","obliques"
"Kettlebell_Hang_Clean","Kettlebell Hang Clean","Cargada colgante con kettlebell","hamstrings",5,"big_compound",""
"Kettlebell_Pass_Between_The_Legs","Kettlebell Pass Between The Legs","Pase entre las piernas con kettlebell","abs_upper",3,"ambiguous_default","obliques"
"Kettlebell_Pirate_Ships","Kettlebell Pirate Ships","Barcos pirata con kettlebell","delt_side",1,"ambiguous_default","obliques"
"Kettlebell_Pistol_Squat","Kettlebell Pistol Squat","Sentadilla pistol con kettlebell","quads",4,"big_compound",""
"Kettlebell_Sumo_High_Pull","Kettlebell Sumo High Pull","Tirón alto sumo con kettlebell","trap",5,"big_compound",""
"Kettlebell_Thruster","Kettlebell Thruster","Thruster con kettlebell","delt_side",2,"ambiguous_default","delt_front"
"Kettlebell_Turkish_Get-Up_Lunge_style","Kettlebell Turkish Get-Up (Lunge style)","Levantada turca con kettlebell (estilo zancada)","delt_side",4,"ambiguous_default|big_compound","delt_front"
"Kettlebell_Turkish_Get-Up_Squat_style","Kettlebell Turkish Get-Up (Squat style)","Levantada turca con kettlebell (estilo sentadilla)","delt_side",5,"ambiguous_default|big_compound","delt_front"
"Kettlebell_Windmill","Kettlebell Windmill","Molino con kettlebell","abs_upper",4,"ambiguous_default|big_compound","obliques"
"Kipping_Muscle_Up","Kipping Muscle Up","Muscle up con kipping","lat",7,"big_compound",""
"Knee_Hip_Raise_On_Parallel_Bars","Knee/Hip Raise On Parallel Bars","Elevación de rodillas/cadera en barras paralelas","abs_upper",0,"ambiguous_default","abs_lower"
"Knee_Tuck_Jump","Knee Tuck Jump","Salto con rodillas al pecho","hamstrings",5,"big_compound","quads"
"Kneeling_Arm_Drill","Kneeling Arm Drill","Ejercicio de brazos arrodillado","delt_side",1,"ambiguous_default","delt_front"
"Kneeling_Cable_Crunch_With_Alternating_Oblique_Twists","Kneeling Cable Crunch With Alternating Oblique Twists","Crunch en polea arrodillado con giros oblicuos alternados","abs_upper",0,"ambiguous_default","obliques"
"Kneeling_Cable_Triceps_Extension","Kneeling Cable Triceps Extension","Extensión de tríceps en polea arrodillado","tri_lateral",0,"ambiguous_default",""
"Landmine_180s","Landmine 180's","Landmine 180º","abs_upper",3,"ambiguous_default","obliques"
"Landmine_Linear_Jammer","Landmine Linear Jammer","Jammer lineal en landmine","delt_side",6,"ambiguous_default|big_compound","delt_front"
"Lateral_Bound","Lateral Bound","Salto lateral","adductors",5,"big_compound",""
"Lateral_Box_Jump","Lateral Box Jump","Salto lateral al cajón","adductors",5,"big_compound",""
"Lateral_Cone_Hops","Lateral Cone Hops","Saltos laterales sobre conos","adductors",5,"big_compound",""
"Leg-Over_Floor_Press","Leg-Over Floor Press","Press en el suelo con pierna cruzada","pec_lower",2,"ambiguous_default",""
"Leg_Pull-In","Leg Pull-In","Encogimiento de piernas","abs_upper",0,"ambiguous_default","abs_lower"
"Leverage_Chest_Press","Leverage Chest Press","Press de pecho en máquina","pec_lower",2,"ambiguous_default",""
"Log_Lift","Log Lift","Levantamiento de tronco (log lift)","delt_side",9,"ambiguous_default|big_compound","delt_front"
"Low_Cable_Crossover","Low Cable Crossover","Cruce de poleas bajas","pec_lower",1,"ambiguous_default",""
"Low_Cable_Triceps_Extension","Low Cable Triceps Extension","Extensión de tríceps en polea baja","tri_lateral",0,"ambiguous_default",""
"Low_Pulley_Row_To_Neck","Low Pulley Row To Neck","Remo en polea baja al cuello","delt_side",3,"ambiguous_default","delt_rear"
"Lower_Back_Curl","Lower Back Curl","Extensión lumbar","abs_upper",0,"ambiguous_default|curl_no_biceps","lower_back"
"Lying_Leg_Curls","Lying Leg Curls","Curl femoral tumbado","hamstrings",0,"curl_no_biceps",""
"Machine_Bench_Press","Machine Bench Press","Press de banca en máquina","pec_lower",2,"ambiguous_default",""
"Machine_Triceps_Extension","Machine Triceps Extension","Extensión de tríceps en máquina","tri_lateral",0,"ambiguous_default",""
"Medicine_Ball_Chest_Pass","Medicine Ball Chest Pass","Pase de pecho con balón medicinal","pec_lower",2,"ambiguous_default",""
"Medicine_Ball_Full_Twist","Medicine Ball Full Twist","Giro completo con balón medicinal","abs_upper",1,"ambiguous_default","obliques"
"Medicine_Ball_Scoop_Throw","Medicine Ball Scoop Throw","Lanzamiento de cuchara con balón medicinal","delt_side",3,"ambiguous_default","full_body"
"Muscle_Snatch","Muscle Snatch","Arrancada de fuerza","hamstrings",5,"big_compound","full_body"
"Muscle_Up","Muscle Up","Muscle-up","lat",7,"big_compound",""
"Narrow_Stance_Squats","Narrow Stance Squats","Sentadilla con postura estrecha","quads",4,"big_compound",""
"Neck_Press","Neck Press","Press al cuello","pec_lower",2,"ambiguous_default",""
"Oblique_Crunches","Oblique Crunches","Crunch oblicuo","abs_upper",0,"ambiguous_default","obliques"
"Oblique_Crunches_-_On_The_Floor","Oblique Crunches - On The Floor","Crunch oblicuo en el suelo","abs_upper",0,"ambiguous_default","obliques"
"One-Arm_Flat_Bench_Dumbbell_Flye","One-Arm Flat Bench Dumbbell Flye","Apertura con mancuerna a una mano en banco plano","pec_lower",0,"ambiguous_default",""
"One-Arm_High-Pulley_Cable_Side_Bends","One-Arm High-Pulley Cable Side Bends","Flexión lateral a una mano en polea alta","abs_upper",0,"ambiguous_default","obliques"
"One-Arm_Kettlebell_Clean","One-Arm Kettlebell Clean","Cargada con kettlebell a una mano","hamstrings",4,"big_compound",""
"One-Arm_Kettlebell_Clean_and_Jerk","One-Arm Kettlebell Clean and Jerk","Cargada y envión con kettlebell a una mano","delt_side",0,"ambiguous_default","full_body"
"One-Arm_Kettlebell_Floor_Press","One-Arm Kettlebell Floor Press","Press en el suelo con kettlebell a una mano","pec_lower",1,"ambiguous_default",""
"One-Arm_Kettlebell_Jerk","One-Arm Kettlebell Jerk","Envión con kettlebell a una mano","delt_side",3,"ambiguous_default","full_body"
"One-Arm_Kettlebell_Snatch","One-Arm Kettlebell Snatch","Arrancada con kettlebell a una mano","delt_side",6,"ambiguous_default|big_compound","full_body"
"One-Arm_Kettlebell_Split_Jerk","One-Arm Kettlebell Split Jerk","Envión en tijera con kettlebell a una mano","delt_side",4,"ambiguous_default|big_compound","full_body"
"One-Arm_Kettlebell_Split_Snatch","One-Arm Kettlebell Split Snatch","Arrancada en tijera con kettlebell a una mano","delt_side",2,"ambiguous_default","full_body"
"One-Arm_Kettlebell_Swings","One-Arm Kettlebell Swings","Balanceo con kettlebell a una mano","hamstrings",4,"big_compound",""
"One-Arm_Medicine_Ball_Slam","One-Arm Medicine Ball Slam","Golpeo con balón medicinal a una mano","abs_upper",2,"ambiguous_default","obliques"
"One-Arm_Open_Palm_Kettlebell_Clean","One-Arm Open Palm Kettlebell Clean","Cargada con kettlebell de palma abierta a una mano","hamstrings",5,"big_compound",""
"One-Arm_Overhead_Kettlebell_Squats","One-Arm Overhead Kettlebell Squats","Sentadillas con kettlebell sobre la cabeza a una mano","quads",4,"big_compound",""
"One-Arm_Side_Deadlift","One-Arm Side Deadlift","Peso muerto lateral a una mano","quads",6,"big_compound",""
"One_Arm_Dumbbell_Bench_Press","One Arm Dumbbell Bench Press","Press de banca con mancuerna a una mano","pec_lower",2,"ambiguous_default",""
"One_Arm_Floor_Press","One Arm Floor Press","Press en el suelo a una mano","tri_lateral",2,"ambiguous_default","pec_lower"
"One_Arm_Pronated_Dumbbell_Triceps_Extension","One Arm Pronated Dumbbell Triceps Extension","Extensión de tríceps con mancuerna en pronación a una mano","tri_lateral",0,"ambiguous_default",""
"One_Arm_Supinated_Dumbbell_Triceps_Extension","One Arm Supinated Dumbbell Triceps Extension","Extensión de tríceps con mancuerna en supinación a una mano","tri_lateral",0,"ambiguous_default",""
"Open_Palm_Kettlebell_Clean","Open Palm Kettlebell Clean","Cargada con kettlebell de palma abierta","hamstrings",4,"big_compound","full_body"
"Otis-Up","Otis-Up","Otis-Up","abs_upper",3,"ambiguous_default",""
"Overhead_Squat","Overhead Squat","Sentadilla sobre la cabeza","quads",7,"big_compound",""
"Overhead_Stretch","Overhead Stretch","Estiramiento sobre la cabeza","abs_upper",4,"ambiguous_default|big_compound",""
"Pallof_Press","Pallof Press","Press Pallof","abs_upper",3,"ambiguous_default","obliques"
"Pallof_Press_With_Rotation","Pallof Press With Rotation","Press Pallof con rotación","abs_upper",3,"ambiguous_default","obliques"
"Palms-Down_Dumbbell_Wrist_Curl_Over_A_Bench","Palms-Down Dumbbell Wrist Curl Over A Bench","Curl de muñeca con mancuernas con palmas hacia abajo sobre el banco","forearms",0,"curl_no_biceps",""
"Palms-Down_Wrist_Curl_Over_A_Bench","Palms-Down Wrist Curl Over A Bench","Curl de muñeca con palmas hacia abajo sobre el banco","forearms",0,"curl_no_biceps",""
"Palms-Up_Barbell_Wrist_Curl_Over_A_Bench","Palms-Up Barbell Wrist Curl Over A Bench","Curl de muñeca con barra con palmas hacia arriba sobre el banco","forearms",0,"curl_no_biceps",""
"Palms-Up_Dumbbell_Wrist_Curl_Over_A_Bench","Palms-Up Dumbbell Wrist Curl Over A Bench","Curl de muñeca con mancuernas con palmas hacia arriba sobre el banco","forearms",0,"curl_no_biceps",""
"Pin_Presses","Pin Presses","Press desde pines","tri_lateral",5,"ambiguous_default|big_compound",""
"Plank","Plank","Plancha","abs_upper",0,"ambiguous_default",""
"Plate_Twist","Plate Twist","Giro con disco","abs_upper",0,"ambiguous_default","obliques"
"Plie_Dumbbell_Squat","Plie Dumbbell Squat","Sentadilla plié con mancuerna","quads",4,"big_compound",""
"Plyo_Kettlebell_Pushups","Plyo Kettlebell Pushups","Flexiones pliométricas sobre kettlebells","pec_lower",2,"ambiguous_default",""
"Plyo_Push-up","Plyo Push-up","Flexión pliométrica","pec_lower",2,"ambiguous_default",""
"Power_Clean","Power Clean","Cargada de fuerza","hamstrings",9,"big_compound","full_body"
"Power_Jerk","Power Jerk","Envión de fuerza","quads",6,"big_compound","full_body"
"Power_Partials","Power Partials","Parciales de potencia","delt_side",0,"ambiguous_default",""
"Power_Snatch","Power Snatch","Arrancada de fuerza","hamstrings",7,"big_compound","full_body"
"Power_Snatch_from_Blocks","Power Snatch from Blocks","Arrancada de fuerza desde bloques","quads",8,"big_compound","full_body"
"Power_Stairs","Power Stairs","Escaleras de fuerza","hamstrings",7,"big_compound","full_body"
"Press_Sit-Up","Press Sit-Up","Abdominal con press","abs_upper",3,"ambiguous_default",""
"Prowler_Sprint","Prowler Sprint","Sprint con trineo prowler","hamstrings",5,"big_compound",""
"Push-Up_Wide","Push-Up Wide","Flexión con agarre ancho","pec_lower",3,"ambiguous_default",""
"Push-Ups_-_Close_Triceps_Position","Push-Ups - Close Triceps Position","Flexiones con agarre cerrado para tríceps","tri_lateral",2,"ambiguous_default",""
"Push-Ups_With_Feet_Elevated","Push-Ups With Feet Elevated","Flexiones con pies elevados","pec_lower",2,"ambiguous_default",""
"Push-Ups_With_Feet_On_An_Exercise_Ball","Push-Ups With Feet On An Exercise Ball","Flexiones con pies sobre fitball","pec_lower",2,"ambiguous_default",""
"Push_Up_to_Side_Plank","Push Up to Side Plank","Flexión a plancha lateral","pec_lower",3,"ambiguous_default",""
"Pushups","Pushups","Flexiones","pec_lower",2,"ambiguous_default",""
"Pushups_Close_and_Wide_Hand_Positions","Pushups (Close and Wide Hand Positions)","Flexiones (agarre cerrado y ancho)","pec_lower",2,"ambiguous_default",""
"Rack_Delivery","Rack Delivery","Entrega al rack","delt_side",2,"ambiguous_default","delt_front"
"Rack_Pull_with_Bands","Rack Pull with Bands","Rack pull con goma","lower_back",5,"big_compound",""
"Rack_Pulls","Rack Pulls","Rack pulls","lower_back",4,"big_compound",""
"Return_Push_from_Stance","Return Push from Stance","Empuje de retorno desde la posición","delt_side",2,"ambiguous_default","delt_front"
"Reverse_Band_Bench_Press","Reverse Band Bench Press","Press de banca con goma inversa","tri_lateral",5,"ambiguous_default|big_compound","pec_lower"
"Reverse_Band_Box_Squat","Reverse Band Box Squat","Sentadilla al cajón con goma inversa","quads",7,"big_compound",""
"Reverse_Band_Deadlift","Reverse Band Deadlift","Peso muerto con goma inversa","lower_back",6,"big_compound",""
"Reverse_Band_Power_Squat","Reverse Band Power Squat","Sentadilla de fuerza con goma inversa","quads",5,"big_compound",""
"Reverse_Band_Sumo_Deadlift","Reverse Band Sumo Deadlift","Peso muerto sumo con goma inversa","hamstrings",8,"big_compound",""
"Reverse_Triceps_Bench_Press","Reverse Triceps Bench Press","Press de banca para tríceps con agarre invertido","tri_lateral",2,"ambiguous_default",""
"Rickshaw_Carry","Rickshaw Carry","Paseo rickshaw","forearms",7,"big_compound",""
"Rickshaw_Deadlift","Rickshaw Deadlift","Peso muerto rickshaw","quads",5,"big_compound",""
"Romanian_Deadlift_from_Deficit","Romanian Deadlift from Deficit","Peso muerto rumano desde déficit","hamstrings",4,"big_compound",""
"Rope_Climb","Rope Climb","Trepa de cuerda","lat",4,"big_compound",""
"Rope_Crunch","Rope Crunch","Crunch con cuerda en polea","abs_upper",0,"ambiguous_default",""
"Round_The_World_Shoulder_Stretch","Round The World Shoulder Stretch","Estiramiento de hombros en círculo","delt_side",2,"ambiguous_default",""
"Rowing_Stationary","Rowing, Stationary","Remo en máquina estática","quads",6,"big_compound",""
"Russian_Twist","Russian Twist","Giro ruso","abs_upper",1,"ambiguous_default","obliques"
"Sandbag_Load","Sandbag Load","Carga de saco de arena","quads",10,"big_compound",""
"Scissor_Kick","Scissor Kick","Patada de tijera","abs_upper",0,"ambiguous_default","abs_lower"
"Seated_Band_Hamstring_Curl","Seated Band Hamstring Curl","Curl femoral sentado con goma","hamstrings",0,"curl_no_biceps",""
"Seated_Barbell_Twist","Seated Barbell Twist","Giro sentado con barra","abs_upper",0,"ambiguous_default","obliques"
"Seated_Bent-Over_One-Arm_Dumbbell_Triceps_Extension","Seated Bent-Over One-Arm Dumbbell Triceps Extension","Extensión de tríceps a una mano sentado e inclinado con mancuerna","tri_lateral",0,"ambiguous_default",""
"Seated_Bent-Over_Two-Arm_Dumbbell_Triceps_Extension","Seated Bent-Over Two-Arm Dumbbell Triceps Extension","Extensión de tríceps a dos manos sentado e inclinado con mancuernas","tri_lateral",0,"ambiguous_default",""
"Seated_Dumbbell_Palms-Down_Wrist_Curl","Seated Dumbbell Palms-Down Wrist Curl","Curl de muñeca con palmas hacia abajo sentado con mancuernas","forearms",0,"curl_no_biceps",""
"Seated_Dumbbell_Palms-Up_Wrist_Curl","Seated Dumbbell Palms-Up Wrist Curl","Curl de muñeca con palmas hacia arriba sentado con mancuernas","forearms",0,"curl_no_biceps",""
"Seated_Flat_Bench_Leg_Pull-In","Seated Flat Bench Leg Pull-In","Recogida de piernas sentado en banco plano","abs_upper",0,"ambiguous_default","abs_lower"
"Seated_Front_Deltoid","Seated Front Deltoid","Deltoides frontal sentado","delt_side",1,"ambiguous_default","delt_front"
"Seated_Leg_Curl","Seated Leg Curl","Curl femoral sentado","hamstrings",0,"curl_no_biceps",""
"Seated_Leg_Tucks","Seated Leg Tucks","Recogida de piernas sentado","abs_upper",0,"ambiguous_default","abs_lower"
"Seated_One-Arm_Dumbbell_Palms-Down_Wrist_Curl","Seated One-Arm Dumbbell Palms-Down Wrist Curl","Curl de muñeca a una mano con palmas hacia abajo sentado con mancuerna","forearms",0,"curl_no_biceps",""
"Seated_One-Arm_Dumbbell_Palms-Up_Wrist_Curl","Seated One-Arm Dumbbell Palms-Up Wrist Curl","Curl de muñeca a una mano con palmas hacia arriba sentado con mancuerna","forearms",0,"curl_no_biceps",""
"Seated_Overhead_Stretch","Seated Overhead Stretch","Estiramiento sobre la cabeza sentado","abs_upper",0,"ambiguous_default",""
"Seated_Palm-Up_Barbell_Wrist_Curl","Seated Palm-Up Barbell Wrist Curl","Curl de muñeca con palmas hacia arriba sentado con barra","forearms",0,"curl_no_biceps",""
"Seated_Palms-Down_Barbell_Wrist_Curl","Seated Palms-Down Barbell Wrist Curl","Curl de muñeca con barra sentado con palmas hacia abajo","forearms",0,"curl_no_biceps",""
"Seated_Triceps_Press","Seated Triceps Press","Press de tríceps sentado","tri_lateral",0,"ambiguous_default","tri_long"
"Seated_Two-Arm_Palms-Up_Low-Pulley_Wrist_Curl","Seated Two-Arm Palms-Up Low-Pulley Wrist Curl","Curl de muñeca a dos manos en polea baja sentado con palmas hacia arriba","forearms",0,"curl_no_biceps",""
"Shoulder_Circles","Shoulder Circles","Círculos de hombros","delt_side",1,"ambiguous_default",""
"Shoulder_Raise","Shoulder Raise","Elevación de hombros","delt_side",1,"ambiguous_default","trap"
"Shoulder_Stretch","Shoulder Stretch","Estiramiento de hombros","delt_side",0,"ambiguous_default",""
"Side_Bridge","Side Bridge","Puente lateral","abs_upper",1,"ambiguous_default","obliques"
"Side_Hop-Sprint","Side Hop-Sprint","Salto lateral con esprint","quads",4,"big_compound",""
"Side_Jackknife","Side Jackknife","Navaja lateral","abs_upper",0,"ambiguous_default","obliques"
"Side_To_Side_Chins","Side To Side Chins","Dominadas de lado a lado","lat",4,"big_compound",""
"Side_Wrist_Pull","Side Wrist Pull","Estiramiento lateral de muñeca","delt_side",2,"ambiguous_default",""
"Side_to_Side_Box_Shuffle","Side to Side Box Shuffle","Desplazamiento lateral sobre cajón","quads",4,"big_compound",""
"Single-Arm_Cable_Crossover","Single-Arm Cable Crossover","Cruce en polea a una mano","pec_lower",0,"ambiguous_default",""
"Single-Arm_Linear_Jammer","Single-Arm Linear Jammer","Jammer lineal a una mano","delt_side",2,"ambiguous_default","delt_front"
"Single-Arm_Push-Up","Single-Arm Push-Up","Flexión a una mano","pec_lower",2,"ambiguous_default",""
"Single-Leg_Hop_Progression","Single-Leg Hop Progression","Progresión de saltos a una pierna","quads",4,"big_compound",""
"Single-Leg_Lateral_Hop","Single-Leg Lateral Hop","Salto lateral a una pierna","quads",4,"big_compound",""
"Single-Leg_Stride_Jump","Single-Leg Stride Jump","Salto a zancada a una pierna","quads",4,"big_compound",""
"Single_Dumbbell_Raise","Single Dumbbell Raise","Elevación con una mancuerna","delt_side",2,"ambiguous_default",""
"Sit-Up","Sit-Up","Abdominal","abs_upper",0,"ambiguous_default",""
"Skating","Skating","Patinaje","quads",5,"big_compound",""
"Sled_Push","Sled Push","Empuje de trineo","quads",5,"big_compound",""
"Sledgehammer_Swings","Sledgehammer Swings","Golpes con mazo","abs_upper",5,"ambiguous_default|big_compound","obliques"
"Smith_Incline_Shoulder_Raise","Smith Incline Shoulder Raise","Elevación de hombros inclinado en máquina Smith","delt_side",1,"ambiguous_default",""
"Smith_Machine_Bench_Press","Smith Machine Bench Press","Press de banca en máquina Smith","pec_lower",2,"ambiguous_default",""
"Smith_Machine_Close-Grip_Bench_Press","Smith Machine Close-Grip Bench Press","Press de banca con agarre cerrado en máquina Smith","tri_lateral",2,"ambiguous_default",""
"Smith_Machine_Hang_Power_Clean","Smith Machine Hang Power Clean","Cargada de fuerza desde suspensión en máquina Smith","hamstrings",5,"big_compound","full_body"
"Smith_Machine_Hip_Raise","Smith Machine Hip Raise","Elevación de cadera en máquina Smith","abs_upper",0,"ambiguous_default","abs_lower"
"Smith_Machine_One-Arm_Upright_Row","Smith Machine One-Arm Upright Row","Remo al mentón a una mano en máquina Smith","delt_side",2,"ambiguous_default",""
"Smith_Machine_Squat","Smith Machine Squat","Sentadilla en máquina Smith","quads",4,"big_compound",""
"Snatch","Snatch","Arrancada","quads",7,"big_compound","full_body"
"Snatch_Balance","Snatch Balance","Equilibrio de arrancada","quads",5,"big_compound",""
"Snatch_Deadlift","Snatch Deadlift","Peso muerto de arrancada","hamstrings",6,"big_compound",""
"Snatch_Pull","Snatch Pull","Tirón de arrancada","hamstrings",5,"big_compound","full_body"
"Snatch_from_Blocks","Snatch from Blocks","Arrancada desde bloques","quads",8,"big_compound","full_body"
"Speed_Squats","Speed Squats","Sentadillas a velocidad","quads",4,"big_compound",""
"Spell_Caster","Spell Caster","Spell caster (giro con mancuerna)","abs_upper",2,"ambiguous_default","obliques"
"Spider_Crawl","Spider Crawl","Spider crawl (reptación de araña)","abs_upper",3,"ambiguous_default",""
"Spinal_Stretch","Spinal Stretch","Estiramiento de la columna","rhomboids",4,"big_compound",""
"Split_Clean","Split Clean","Cargada en tijera","quads",7,"big_compound","full_body"
"Split_Jerk","Split Jerk","Envión en tijera","quads",4,"big_compound","full_body"
"Split_Snatch","Split Snatch","Arrancada en tijera","hamstrings",9,"big_compound","full_body"
"Squat_Jerk","Squat Jerk","Envión en sentadilla","quads",5,"big_compound","full_body"
"Squat_with_Bands","Squat with Bands","Sentadilla con gomas","quads",5,"big_compound",""
"Squat_with_Chains","Squat with Chains","Sentadilla con cadenas","quads",5,"big_compound",""
"Squat_with_Plate_Movers","Squat with Plate Movers","Sentadilla con discos desplazados","quads",5,"big_compound",""
"Squats_-_With_Bands","Squats - With Bands","Sentadillas con gomas","quads",4,"big_compound",""
"Standing_Bent-Over_One-Arm_Dumbbell_Triceps_Extension","Standing Bent-Over One-Arm Dumbbell Triceps Extension","Extensión de tríceps a una mano con mancuerna inclinado de pie","tri_lateral",1,"ambiguous_default",""
"Standing_Bent-Over_Two-Arm_Dumbbell_Triceps_Extension","Standing Bent-Over Two-Arm Dumbbell Triceps Extension","Extensión de tríceps a dos manos con mancuernas inclinado de pie","tri_lateral",0,"ambiguous_default",""
"Standing_Cable_Chest_Press","Standing Cable Chest Press","Press de pecho en polea de pie","pec_lower",2,"ambiguous_default",""
"Standing_Cable_Lift","Standing Cable Lift","Elevación en polea de pie","abs_upper",1,"ambiguous_default","obliques"
"Standing_Cable_Wood_Chop","Standing Cable Wood Chop","Leñador en polea de pie","abs_upper",1,"ambiguous_default","obliques"
"Standing_Dumbbell_Straight-Arm_Front_Delt_Raise_Above_Head","Standing Dumbbell Straight-Arm Front Delt Raise Above Head","Elevación frontal de deltoides con brazo recto sobre la cabeza de pie con mancuerna","delt_side",0,"ambiguous_default","delt_front"
"Standing_Dumbbell_Triceps_Extension","Standing Dumbbell Triceps Extension","Extensión de tríceps de pie con mancuerna","tri_lateral",0,"ambiguous_default",""
"Standing_Front_Barbell_Raise_Over_Head","Standing Front Barbell Raise Over Head","Elevación frontal sobre la cabeza de pie con barra","delt_side",0,"ambiguous_default","delt_front"
"Standing_Lateral_Stretch","Standing Lateral Stretch","Estiramiento lateral de pie","abs_upper",0,"ambiguous_default","obliques"
"Standing_Leg_Curl","Standing Leg Curl","Curl femoral de pie","hamstrings",0,"curl_no_biceps",""
"Standing_Low-Pulley_Deltoid_Raise","Standing Low-Pulley Deltoid Raise","Elevación de deltoides en polea baja de pie","delt_side",1,"ambiguous_default",""
"Standing_Low-Pulley_One-Arm_Triceps_Extension","Standing Low-Pulley One-Arm Triceps Extension","Extensión de tríceps a una mano en polea baja de pie","tri_lateral",2,"ambiguous_default",""
"Standing_One-Arm_Dumbbell_Triceps_Extension","Standing One-Arm Dumbbell Triceps Extension","Extensión de tríceps a una mano de pie con mancuerna","tri_lateral",2,"ambiguous_default","tri_long"
"Standing_Palms-Up_Barbell_Behind_The_Back_Wrist_Curl","Standing Palms-Up Barbell Behind The Back Wrist Curl","Curl de muñeca tras la espalda con palmas hacia arriba de pie con barra","forearms",0,"curl_no_biceps",""
"Standing_Rope_Crunch","Standing Rope Crunch","Crunch en polea con cuerda de pie","abs_upper",0,"ambiguous_default",""
"Standing_Towel_Triceps_Extension","Standing Towel Triceps Extension","Extensión de tríceps con toalla de pie","tri_lateral",0,"ambiguous_default",""
"Star_Jump","Star Jump","Salto de estrella","quads",4,"big_compound",""
"Stomach_Vacuum","Stomach Vacuum","Vacío abdominal","abs_upper",0,"ambiguous_default","abs_lower"
"Straight-Arm_Dumbbell_Pullover","Straight-Arm Dumbbell Pullover","Pullover con brazo recto con mancuerna","pec_lower",3,"ambiguous_default",""
"Straight_Raises_on_Incline_Bench","Straight Raises on Incline Bench","Elevaciones rectas en banco inclinado","delt_side",1,"ambiguous_default","delt_front"
"Stride_Jump_Crossover","Stride Jump Crossover","Salto en zancada cruzado","quads",4,"big_compound",""
"Sumo_Deadlift","Sumo Deadlift","Peso muerto sumo","hamstrings",7,"big_compound",""
"Sumo_Deadlift_with_Bands","Sumo Deadlift with Bands","Peso muerto sumo con gomas","hamstrings",7,"big_compound",""
"Sumo_Deadlift_with_Chains","Sumo Deadlift with Chains","Peso muerto sumo con cadenas","hamstrings",8,"big_compound",""
"Supine_Chest_Throw","Supine Chest Throw","Lanzamiento de pecho tumbado","tri_lateral",2,"ambiguous_default","pec_lower"
"Supine_One-Arm_Overhead_Throw","Supine One-Arm Overhead Throw","Lanzamiento sobre la cabeza a una mano tumbado","abs_upper",3,"ambiguous_default",""
"Supine_Two-Arm_Overhead_Throw","Supine Two-Arm Overhead Throw","Lanzamiento sobre la cabeza a dos manos tumbado","abs_upper",3,"ambiguous_default",""
"Suspended_Fallout","Suspended Fallout","Rollout en suspensión","abs_upper",3,"ambiguous_default",""
"Suspended_Push-Up","Suspended Push-Up","Flexión en suspensión","pec_lower",2,"ambiguous_default",""
"Suspended_Split_Squat","Suspended Split Squat","Zancada en suspensión","quads",5,"big_compound",""
"Svend_Press","Svend Press","Press Svend","pec_lower",3,"ambiguous_default",""
"Tate_Press","Tate Press","Press Tate","tri_lateral",2,"ambiguous_default",""
"Tire_Flip","Tire Flip","Volteo de neumático","quads",9,"big_compound","full_body"
"Toe_Touchers","Toe Touchers","Toques de puntas de pies","abs_upper",0,"ambiguous_default",""
"Torso_Rotation","Torso Rotation","Rotación de torso","abs_upper",0,"ambiguous_default","obliques"
"Tricep_Side_Stretch","Tricep Side Stretch","Estiramiento lateral de tríceps","tri_lateral",1,"ambiguous_default",""
"Triceps_Stretch","Triceps Stretch","Estiramiento de tríceps","tri_lateral",1,"ambiguous_default",""
"Tuck_Crunch","Tuck Crunch","Crunch encogido","abs_upper",0,"ambiguous_default",""
"Two-Arm_Kettlebell_Clean","Two-Arm Kettlebell Clean","Cargada a dos manos con kettlebell","delt_side",5,"ambiguous_default|big_compound","full_body"
"Two-Arm_Kettlebell_Jerk","Two-Arm Kettlebell Jerk","Envión a dos manos con kettlebell","delt_side",3,"ambiguous_default","full_body"
"Upright_Barbell_Row","Upright Barbell Row","Remo al mentón con barra","delt_side",1,"ambiguous_default",""
"Upward_Stretch","Upward Stretch","Estiramiento hacia arriba","delt_side",2,"ambiguous_default",""
"Weighted_Ball_Side_Bend","Weighted Ball Side Bend","Flexión lateral con balón y peso","abs_upper",0,"ambiguous_default","obliques"
"Weighted_Crunches","Weighted Crunches","Crunch con peso","abs_upper",0,"ambiguous_default",""
"Weighted_Jump_Squat","Weighted Jump Squat","Sentadilla con salto y peso","quads",4,"big_compound",""
"Weighted_Sit-Ups_-_With_Bands","Weighted Sit-Ups - With Bands","Abdominales con goma","abs_upper",0,"ambiguous_default",""
"Wide-Grip_Barbell_Bench_Press","Wide-Grip Barbell Bench Press","Press de banca con barra agarre ancho","pec_lower",2,"ambiguous_default",""
"Wide_Stance_Barbell_Squat","Wide Stance Barbell Squat","Sentadilla con barra piernas abiertas","quads",4,"big_compound",""
"Wind_Sprints","Wind Sprints","Sprints","abs_upper",0,"ambiguous_default","glutes|hamstrings|quads"
"Yoke_Walk","Yoke Walk","Paseo con yugo","quads",7,"big_compound",""
